{"stats":{"minecraft:killed":{"minecraft:trader_llama":2,"minecraft:husk":1,"minecraft:wandering_trader":1},"minecraft:used":{"minecraft:lever":9,"limilium:glass_resistor":37,"minecraft:redstone":356,"minecraft:barrier":3,"limilium:ceramic_resistor":38,"minecraft:chest":7,"minecraft:tinted_glass":1,"minecraft:sandstone":93,"minecraft:redstone_block":236,"limilium:disjunctor":4,"limilium:crossroad":113,"limilium:golden_resistor":7,"minecraft:redstone_lamp":3,"limilium:diode":29,"minecraft:repeater":21,"minecraft:comparator":1,"limilium:iron_resistor":11,"minecraft:crafting_table":2,"minecraft:crossbow":17,"limilium:conjunctor":35,"minecraft:observer":5,"limilium:inverter":35},"minecraft:custom":{"minecraft:time_since_rest":1387032,"minecraft:sprint_one_cm":22721,"minecraft:walk_one_cm":66062,"minecraft:mob_kills":4,"minecraft:drop":10,"minecraft:interact_with_crafting_table":5,"minecraft:fly_one_cm":123865,"minecraft:open_chest":13,"minecraft:crouch_one_cm":4220,"minecraft:play_time":1387032,"minecraft:sneak_time":3319,"minecraft:jump":477,"minecraft:leave_game":29,"minecraft:time_since_death":1387032,"minecraft:total_world_time":1474742},"minecraft:crafted":{"limilium:iron_resistor":1,"limilium:glass_resistor":1,"limilium:ceramic_resistor":1,"limilium:golden_resistor":1},"minecraft:picked_up":{"minecraft:sandstone":1,"minecraft:repeater":1,"minecraft:leather":3,"minecraft:lead":2,"minecraft:redstone":9,"limilium:conjunctor":1,"limilium:glass_resistor":2},"minecraft:dropped":{"minecraft:repeater":1,"minecraft:crafting_table":2,"minecraft:chest":3,"limilium:glass_resistor":2,"minecraft:sandstone":1,"limilium:conjunctor":1}},"DataVersion":3465}