{
  "type": "minecraft:crafting_shapeless",
  "category": "misc",
  "ingredients": [
    {
      "tag": "forge:gems/quartz"
    },
    {
      "item": "copperative:patina"
    },
    {
      "item": "copperative:patina"
    },
    {
      "item": "copperative:patina"
    },
    {
      "item": "copperative:patina"
    },
    {
      "item": "copperative:patina"
    },
    {
      "item": "copperative:patina"
    },
    {
      "item": "copperative:patina"
    },
    {
      "item": "copperative:patina"
    }
  ],
  "result": {
    "item": "limilium:cyan_quartz"
  }
}