{
  "variants": {
    "facing=east,model_type=0": {
      "model": "limilium:block/crossroad_ff",
      "y": 270
    },
    "facing=north,model_type=0": {
      "model": "limilium:block/crossroad_ff",
      "y": 180
    },
    "facing=south,model_type=0": {
      "model": "limilium:block/crossroad_ff"
    },
    "facing=west,model_type=0": {
      "model": "limilium:block/crossroad_ff",
      "y": 90
    },
    "facing=east,model_type=1": {
      "model": "limilium:block/crossroad_fn",
      "y": 270
    },
    "facing=north,model_type=1": {
      "model": "limilium:block/crossroad_fn",
      "y": 180
    },
    "facing=south,model_type=1": {
      "model": "limilium:block/crossroad_fn"
    },
    "facing=west,model_type=1": {
      "model": "limilium:block/crossroad_fn",
      "y": 90
    },
    "facing=east,model_type=2": {
      "model": "limilium:block/crossroad_nf",
      "y": 270
    },
    "facing=north,model_type=2": {
      "model": "limilium:block/crossroad_nf",
      "y": 180
    },
    "facing=south,model_type=2": {
      "model": "limilium:block/crossroad_nf"
    },
    "facing=west,model_type=2": {
      "model": "limilium:block/crossroad_nf",
      "y": 90
    },
    "facing=east,model_type=3": {
      "model": "limilium:block/crossroad_nn",
      "y": 270
    },
    "facing=north,model_type=3": {
      "model": "limilium:block/crossroad_nn",
      "y": 180
    },
    "facing=south,model_type=3": {
      "model": "limilium:block/crossroad_nn"
    },
    "facing=west,model_type=3": {
      "model": "limilium:block/crossroad_nn",
      "y": 90
    }
  }
}