{
  "variants": {
    "facing=east,powered=false": {
      "model": "limilium:block/disjunctor",
      "y": 270
    },
    "facing=north,powered=false": {
      "model": "limilium:block/disjunctor",
      "y": 180
    },
    "facing=south,powered=false": {
      "model": "limilium:block/disjunctor"
    },
    "facing=west,powered=false": {
      "model": "limilium:block/disjunctor",
      "y": 90
    },
    "facing=east,powered=true": {
      "model": "limilium:block/disjunctor_on",
      "y": 270
    },
    "facing=north,powered=true": {
      "model": "limilium:block/disjunctor_on",
      "y": 180
    },
    "facing=south,powered=true": {
      "model": "limilium:block/disjunctor_on"
    },
    "facing=west,powered=true": {
      "model": "limilium:block/disjunctor_on",
      "y": 90
    }
  }
}