{
  "variants": {
    "facing=east,powered=false": {
      "model": "limilium:block/inverter_on",
      "y": 270
    },
    "facing=north,powered=false": {
      "model": "limilium:block/inverter_on",
      "y": 180
    },
    "facing=south,powered=false": {
      "model": "limilium:block/inverter_on"
    },
    "facing=west,powered=false": {
      "model": "limilium:block/inverter_on",
      "y": 90
    },
    "facing=east,powered=true": {
      "model": "limilium:block/inverter",
      "y": 270
    },
    "facing=north,powered=true": {
      "model": "limilium:block/inverter",
      "y": 180
    },
    "facing=south,powered=true": {
      "model": "limilium:block/inverter"
    },
    "facing=west,powered=true": {
      "model": "limilium:block/inverter",
      "y": 90
    }
  }
}