{
  "variants": {
    "facing=east,power=0": {
      "model": "limilium:block/iron_resistor",
      "y": 270
    },
    "facing=north,power=0": {
      "model": "limilium:block/iron_resistor",
      "y": 180
    },
    "facing=south,power=0": {
      "model": "limilium:block/iron_resistor"
    },
    "facing=west,power=0": {
      "model": "limilium:block/iron_resistor",
      "y": 90
    },
    "facing=east,power=1": {
      "model": "limilium:block/iron_resistor_on",
      "y": 270
    },
    "facing=north,power=1": {
      "model": "limilium:block/iron_resistor_on",
      "y": 180
    },
    "facing=south,power=1": {
      "model": "limilium:block/iron_resistor_on"
    },
    "facing=west,power=1": {
      "model": "limilium:block/iron_resistor_on",
      "y": 90
    },
    "facing=east,power=2": {
      "model": "limilium:block/iron_resistor_on",
      "y": 270
    },
    "facing=north,power=2": {
      "model": "limilium:block/iron_resistor_on",
      "y": 180
    },
    "facing=south,power=2": {
      "model": "limilium:block/iron_resistor_on"
    },
    "facing=west,power=2": {
      "model": "limilium:block/iron_resistor_on",
      "y": 90
    },
    "facing=east,power=3": {
      "model": "limilium:block/iron_resistor_on",
      "y": 270
    },
    "facing=north,power=3": {
      "model": "limilium:block/iron_resistor_on",
      "y": 180
    },
    "facing=south,power=3": {
      "model": "limilium:block/iron_resistor_on"
    },
    "facing=west,power=3": {
      "model": "limilium:block/iron_resistor_on",
      "y": 90
    },
    "facing=east,power=4": {
      "model": "limilium:block/iron_resistor_on",
      "y": 270
    },
    "facing=north,power=4": {
      "model": "limilium:block/iron_resistor_on",
      "y": 180
    },
    "facing=south,power=4": {
      "model": "limilium:block/iron_resistor_on"
    },
    "facing=west,power=4": {
      "model": "limilium:block/iron_resistor_on",
      "y": 90
    },
    "facing=east,power=5": {
      "model": "limilium:block/iron_resistor_on",
      "y": 270
    },
    "facing=north,power=5": {
      "model": "limilium:block/iron_resistor_on",
      "y": 180
    },
    "facing=south,power=5": {
      "model": "limilium:block/iron_resistor_on"
    },
    "facing=west,power=5": {
      "model": "limilium:block/iron_resistor_on",
      "y": 90
    },
    "facing=east,power=6": {
      "model": "limilium:block/iron_resistor_on",
      "y": 270
    },
    "facing=north,power=6": {
      "model": "limilium:block/iron_resistor_on",
      "y": 180
    },
    "facing=south,power=6": {
      "model": "limilium:block/iron_resistor_on"
    },
    "facing=west,power=6": {
      "model": "limilium:block/iron_resistor_on",
      "y": 90
    },
    "facing=east,power=7": {
      "model": "limilium:block/iron_resistor_on",
      "y": 270
    },
    "facing=north,power=7": {
      "model": "limilium:block/iron_resistor_on",
      "y": 180
    },
    "facing=south,power=7": {
      "model": "limilium:block/iron_resistor_on"
    },
    "facing=west,power=7": {
      "model": "limilium:block/iron_resistor_on",
      "y": 90
    },
    "facing=east,power=8": {
      "model": "limilium:block/iron_resistor_on",
      "y": 270
    },
    "facing=north,power=8": {
      "model": "limilium:block/iron_resistor_on",
      "y": 180
    },
    "facing=south,power=8": {
      "model": "limilium:block/iron_resistor_on"
    },
    "facing=west,power=8": {
      "model": "limilium:block/iron_resistor_on",
      "y": 90
    },
    "facing=east,power=9": {
      "model": "limilium:block/iron_resistor_on",
      "y": 270
    },
    "facing=north,power=9": {
      "model": "limilium:block/iron_resistor_on",
      "y": 180
    },
    "facing=south,power=9": {
      "model": "limilium:block/iron_resistor_on"
    },
    "facing=west,power=9": {
      "model": "limilium:block/iron_resistor_on",
      "y": 90
    },
    "facing=east,power=10": {
      "model": "limilium:block/iron_resistor_on",
      "y": 270
    },
    "facing=north,power=10": {
      "model": "limilium:block/iron_resistor_on",
      "y": 180
    },
    "facing=south,power=10": {
      "model": "limilium:block/iron_resistor_on"
    },
    "facing=west,power=10": {
      "model": "limilium:block/iron_resistor_on",
      "y": 90
    },
    "facing=east,power=11": {
      "model": "limilium:block/iron_resistor_on",
      "y": 270
    },
    "facing=north,power=11": {
      "model": "limilium:block/iron_resistor_on",
      "y": 180
    },
    "facing=south,power=11": {
      "model": "limilium:block/iron_resistor_on"
    },
    "facing=west,power=11": {
      "model": "limilium:block/iron_resistor_on",
      "y": 90
    },
    "facing=east,power=12": {
      "model": "limilium:block/iron_resistor_on",
      "y": 270
    },
    "facing=north,power=12": {
      "model": "limilium:block/iron_resistor_on",
      "y": 180
    },
    "facing=south,power=12": {
      "model": "limilium:block/iron_resistor_on"
    },
    "facing=west,power=12": {
      "model": "limilium:block/iron_resistor_on",
      "y": 90
    },
    "facing=east,power=13": {
      "model": "limilium:block/iron_resistor_on",
      "y": 270
    },
    "facing=north,power=13": {
      "model": "limilium:block/iron_resistor_on",
      "y": 180
    },
    "facing=south,power=13": {
      "model": "limilium:block/iron_resistor_on"
    },
    "facing=west,power=13": {
      "model": "limilium:block/iron_resistor_on",
      "y": 90
    },
    "facing=east,power=14": {
      "model": "limilium:block/iron_resistor_on",
      "y": 270
    },
    "facing=north,power=14": {
      "model": "limilium:block/iron_resistor_on",
      "y": 180
    },
    "facing=south,power=14": {
      "model": "limilium:block/iron_resistor_on"
    },
    "facing=west,power=14": {
      "model": "limilium:block/iron_resistor_on",
      "y": 90
    },
    "facing=east,power=15": {
      "model": "limilium:block/iron_resistor_on",
      "y": 270
    },
    "facing=north,power=15": {
      "model": "limilium:block/iron_resistor_on",
      "y": 180
    },
    "facing=south,power=15": {
      "model": "limilium:block/iron_resistor_on"
    },
    "facing=west,power=15": {
      "model": "limilium:block/iron_resistor_on",
      "y": 90
    }
  }
}