{"stats":{"minecraft:used":{"limilium:inverter":14,"minecraft:trident":98,"minecraft:water_bucket":1,"minecraft:writable_book":3,"limilium:glass_resistor":16,"minecraft:redstone":566,"minecraft:lime_wool":5,"minecraft:blue_wool":5,"limilium:ceramic_resistor":7,"minecraft:chest":4,"minecraft:tinted_glass":1,"minecraft:redstone_block":563,"limilium:metronome":2,"limilium:disjunctor":14,"limilium:crossroad":33,"limilium:golden_resistor":24,"limilium:exclusive_disjunctor":2,"minecraft:glow_item_frame":1,"limilium:diode":87,"minecraft:terracotta":15,"minecraft:sand":2937,"minecraft:comparator":14,"limilium:conjunctor":37,"minecraft:orange_wool":1,"minecraft:lever":41,"minecraft:red_wool":10,"minecraft:iron_block":12,"minecraft:grass_block":7,"minecraft:barrier":10,"minecraft:lectern":1,"minecraft:yellow_wool":13,"minecraft:item_frame":1,"minecraft:repeater":14,"minecraft:redstone_lamp":33,"limilium:iron_resistor":6,"minecraft:written_book":2,"minecraft:husk_spawn_egg":1,"minecraft:purple_carpet":1},"minecraft:picked_up":{"minecraft:redstone_block":2,"minecraft:repeater":2,"minecraft:leather":2,"minecraft:gunpowder":2,"limilium:metronome":2,"minecraft:string":1,"limilium:conjunctor":4,"minecraft:bone":1,"minecraft:purple_carpet":1,"minecraft:comparator":2,"limilium:glass_resistor":2,"limilium:ceramic_resistor":2,"limilium:iron_resistor":1,"limilium:golden_resistor":1,"minecraft:sand":19,"limilium:diode":6,"minecraft:redstone":18,"minecraft:spider_eye":1,"limilium:inverter":1,"limilium:disjunctor":1,"minecraft:rotten_flesh":5,"minecraft:lever":3},"minecraft:killed":{"minecraft:spider":1,"minecraft:wandering_trader":1,"minecraft:trader_llama":2,"minecraft:zombie":6,"minecraft:turtle":1},"minecraft:dropped":{"limilium:diode":1,"limilium:glass_resistor":1,"limilium:ceramic_resistor":1,"minecraft:comparator":3,"limilium:metronome":1,"minecraft:chiseled_bookshelf":1,"minecraft:grass_block":1,"limilium:conjunctor":5,"minecraft:gunpowder":2,"minecraft:repeater":5,"minecraft:husk_spawn_egg":1,"minecraft:sand":2,"minecraft:written_book":3,"minecraft:redstone_block":2,"minecraft:lectern":1,"minecraft:purple_carpet":2,"minecraft:redstone":2},"minecraft:mined":{"limilium:iron_resistor":1,"minecraft:comparator":2,"limilium:conjunctor":1,"limilium:glass_resistor":1,"limilium:inverter":1,"limilium:crossroad":1,"minecraft:repeater":1,"limilium:ceramic_resistor":1,"limilium:diode":21,"minecraft:sand":1,"limilium:golden_resistor":1,"limilium:metronome":1,"limilium:disjunctor":1},"minecraft:custom":{"minecraft:mob_kills":11,"minecraft:leave_game":91,"minecraft:time_since_death":511378,"minecraft:time_since_rest":511378,"minecraft:sprint_one_cm":122727,"minecraft:damage_taken":40,"minecraft:walk_one_cm":233899,"minecraft:drop":33,"minecraft:damage_dealt":971,"minecraft:swim_one_cm":3088,"minecraft:talked_to_villager":2,"minecraft:fly_one_cm":617841,"minecraft:open_chest":29,"minecraft:crouch_one_cm":24401,"minecraft:play_time":511378,"minecraft:sneak_time":9232,"minecraft:walk_under_water_one_cm":14609,"minecraft:interact_with_lectern":7,"minecraft:jump":2239,"minecraft:walk_on_water_one_cm":3445,"minecraft:total_world_time":606360,"minecraft:fall_one_cm":1035}},"DataVersion":3465}