{
  "ambientocclusion": false,
  "textures": {
    "particle": "limilium:block/crossroad_ff",
    "top": "limilium:block/crossroad_ff",
    "unlit": "limilium:block/gigaschem"
  },
  "elements": [
    {
      "from": [0, 0, 0],
      "to": [16, 2, 16],
      "faces": {
        "north": {
          "uv": [0, 2, 16, 0],
          "texture": "#top",
          "cullface": "north"
        },
        "east": { "uv": [0, 2, 16, 0], "texture": "#top", "cullface": "east" },
        "south": {
          "uv": [0, 2, 16, 0],
          "texture": "#top",
          "cullface": "south"
        },
        "west": { "uv": [0, 2, 16, 0], "texture": "#top", "cullface": "west" },
        "up": { "uv": [0, 0, 16, 16], "texture": "#top" },
        "down": { "uv": [0, 0, 16, 16], "texture": "#top", "cullface": "down" }
      }
    }
  ]
}