{
  "ambientocclusion": false,
  "textures": {
    "particle": "limilium:block/resistor_gold_on",
    "top": "limilium:block/resistor_gold_on"
  },
  "elements": [
    {
      "from": [0, 0, 0],
      "to": [16, 2, 16],
      "faces": {
        "north": {
          "uv": [0, 2, 16, 0],
          "texture": "#top",
          "cullface": "north"
        },
        "east": { "uv": [0, 2, 16, 0], "texture": "#top", "cullface": "east" },
        "south": {
          "uv": [0, 2, 16, 0],
          "texture": "#top",
          "cullface": "south"
        },
        "west": { "uv": [0, 2, 16, 0], "texture": "#top", "cullface": "west" },
        "up": { "uv": [0, 0, 16, 16], "texture": "#top" },
        "down": { "uv": [0, 0, 16, 16], "texture": "#top", "cullface": "down" }
      }
    },
    {
      "from": [6, 0, 6],
      "to": [10, 4, 10],
      "faces": {
        "north": { "uv": [6, 6, 10, 10], "texture": "#top" },
        "east": { "uv": [6, 6, 10, 10], "texture": "#top" },
        "south": { "uv": [6, 6, 10, 10], "texture": "#top" },
        "west": { "uv": [6, 6, 10, 10], "texture": "#top" },
        "up": { "uv": [6, 6, 10, 10], "texture": "#top" }
      }
    }
  ]
}