{
  "ambientocclusion": false,
  "textures": {
    "top": "limilium:block/inverter_on",
    "unlit": "minecraft:block/redstone_torch_off",
    "particle": "limilium:block/inverter_on"
  },
  "elements": [
    {
      "from": [0, 0, 0],
      "to": [16, 2, 16],
      "faces": {
        "north": {
          "uv": [0, 2, 16, 0],
          "texture": "#top",
          "cullface": "north"
        },
        "east": { "uv": [0, 2, 16, 0], "texture": "#top", "cullface": "east" },
        "south": {
          "uv": [0, 2, 16, 0],
          "texture": "#top",
          "cullface": "south"
        },
        "west": { "uv": [0, 2, 16, 0], "texture": "#top", "cullface": "west" },
        "up": { "uv": [0, 0, 16, 16], "texture": "#top" },
        "down": { "uv": [0, 0, 16, 16], "texture": "#top", "cullface": "down" }
      }
    },
    {
      "from": [7, 2, 2],
      "to": [9, 7, 4],
      "faces": {
        "north": { "uv": [7, 6, 9, 11], "texture": "#unlit" },
        "east": { "uv": [7, 6, 9, 11], "texture": "#unlit" },
        "south": { "uv": [7, 6, 9, 11], "texture": "#unlit" },
        "west": { "uv": [7, 6, 9, 11], "texture": "#unlit" },
        "up": { "uv": [7, 6, 9, 8], "texture": "#unlit" }
      }
    }
  ]
}